timestep,hour_baseline,ac_stable_baseline,ml_score_baseline,min_voltage_baseline,max_voltage_baseline,max_loading_baseline,total_charging_kw_baseline,avg_shading_baseline,shading_applied_baseline,hour_controlled,ac_stable_controlled,ml_score_controlled,min_voltage_controlled,max_voltage_controlled,max_loading_controlled,total_charging_kw_controlled,avg_shading_controlled,shading_applied_controlled
0,0.0,True,1.0,0.988542,0.998557,32.011432,0.0,1.0,False,0.0,True,1.0,0.988542,0.998557,32.011432,0.0,1.0,False
1,0.25,True,1.0,0.98791,0.998381,33.529644,0.0,1.0,False,0.25,True,1.0,0.98791,0.998381,33.529644,0.0,1.0,False
2,0.5,True,1.0,0.984499,0.998145,42.412237,0.0,1.0,False,0.5,True,1.0,0.984499,0.998145,42.412237,0.0,1.0,False
3,0.75,True,1.0,0.986575,0.998239,37.468127,0.0,1.0,False,0.75,True,1.0,0.986575,0.998239,37.468127,0.0,1.0,False
4,1.0,True,1.0,0.985609,0.99816,39.717567,0.0,1.0,False,1.0,True,1.0,0.985609,0.99816,39.717567,0.0,1.0,False
5,1.25,True,1.0,0.986365,0.998226,38.193524,0.0,1.0,False,1.25,True,1.0,0.986365,0.998226,38.193524,0.0,1.0,False
6,1.5,True,1.0,0.986087,0.998146,37.457424,0.0,1.0,False,1.5,True,1.0,0.986087,0.998146,37.457424,0.0,1.0,False
7,1.75,True,1.0,0.987748,0.998249,34.649508,0.0,1.0,False,1.75,True,1.0,0.987748,0.998249,34.649508,0.0,1.0,False
8,2.0,True,1.0,0.989414,0.998535,29.146495,0.0,1.0,False,2.0,True,1.0,0.989414,0.998535,29.146495,0.0,1.0,False
9,2.25,True,1.0,0.988464,0.998446,32.067916,0.0,1.0,False,2.25,True,1.0,0.988464,0.998446,32.067916,0.0,1.0,False
10,2.5,True,1.0,0.986772,0.998149,36.862539,0.0,1.0,False,2.5,True,1.0,0.986772,0.998149,36.862539,0.0,1.0,False
11,2.75,True,1.0,0.985003,0.998081,41.879587,0.0,1.0,False,2.75,True,1.0,0.985003,0.998081,41.879587,0.0,1.0,False
12,3.0,True,1.0,0.986477,0.998306,37.306909,0.0,1.0,False,3.0,True,1.0,0.986477,0.998306,37.306909,0.0,1.0,False
13,3.25,True,1.0,0.986147,0.998198,38.99522,0.0,1.0,False,3.25,True,1.0,0.986147,0.998198,38.99522,0.0,1.0,False
14,3.5,True,1.0,0.987711,0.998265,34.269738,0.0,1.0,False,3.5,True,1.0,0.987711,0.998265,34.269738,0.0,1.0,False
15,3.75,True,1.0,0.984543,0.998004,41.84925,0.0,1.0,False,3.75,True,1.0,0.984543,0.998004,41.84925,0.0,1.0,False
16,4.0,True,1.0,0.984103,0.997805,43.697479,0.0,1.0,False,4.0,True,1.0,0.984103,0.997805,43.697479,0.0,1.0,False
17,4.25,True,1.0,0.981348,0.997363,52.929998,0.0,1.0,False,4.25,True,1.0,0.981348,0.997363,52.929998,0.0,1.0,False
18,4.5,True,1.0,0.985137,0.997344,53.49289,0.0,1.0,False,4.5,True,1.0,0.985137,0.997344,53.49289,0.0,1.0,False
19,4.75,True,1.0,0.984147,0.997342,53.527216,0.0,1.0,False,4.75,True,1.0,0.984147,0.997342,53.527216,0.0,1.0,False
20,5.0,True,1.0,0.977613,0.99715,57.269312,0.0,1.0,False,5.0,True,1.0,0.977613,0.99715,57.269312,0.0,1.0,False
21,5.25,True,1.0,0.975328,0.99697,60.768161,0.0,1.0,False,5.25,True,1.0,0.975328,0.99697,60.768161,0.0,1.0,False
22,5.5,True,1.0,0.981932,0.997256,55.197237,0.0,1.0,False,5.5,True,1.0,0.981932,0.997256,55.197237,0.0,1.0,False
23,5.75,True,1.0,0.98295,0.997401,52.206232,0.0,1.0,False,5.75,True,1.0,0.98295,0.997401,52.206232,0.0,1.0,False
24,6.0,True,1.0,0.972972,0.996769,68.209617,0.0,1.0,False,6.0,True,1.0,0.972972,0.996769,68.209617,0.0,1.0,False
25,6.25,True,1.0,0.97064,0.996558,72.410634,0.0,1.0,False,6.25,True,1.0,0.97064,0.996558,72.410634,0.0,1.0,False
26,6.5,True,1.0,0.975676,0.996685,66.204106,0.0,1.0,False,6.5,True,1.0,0.975676,0.996685,66.204106,0.0,1.0,False
27,6.75,True,1.0,0.967396,0.996574,79.243521,0.0,1.0,False,6.75,True,1.0,0.967396,0.996574,79.243521,0.0,1.0,False
28,7.0,True,1.0,0.966887,0.996361,80.474642,0.0,1.0,False,7.0,True,1.0,0.966887,0.996361,80.474642,0.0,1.0,False
29,7.25,True,1.0,0.964896,0.996173,85.659324,0.0,1.0,False,7.25,True,1.0,0.964896,0.996173,85.659324,0.0,1.0,False
30,7.5,True,1.0,0.967987,0.99629,78.708587,0.0,1.0,False,7.5,True,1.0,0.967987,0.99629,78.708587,0.0,1.0,False
31,7.75,True,1.0,0.962113,0.996178,93.232116,2.739874,1.0,False,7.75,True,1.0,0.962113,0.996178,93.232116,2.739874,1.0,False
32,8.0,False,0.02,0.95911,0.996276,110.409943,22.0,1.0,False,8.0,True,1.0,0.962633,0.996454,96.658453,11.0,0.5,True
33,8.25,False,0.07,0.960518,0.996181,107.324191,22.0,1.0,False,8.25,True,1.0,0.964032,0.996359,93.587904,11.0,0.5,True
34,8.5,True,1.0,0.964659,0.996074,94.680297,44.0,1.0,False,8.5,True,1.0,0.964659,0.996074,94.680297,44.0,1.0,False
35,8.75,True,1.0,0.974852,0.996634,66.130762,44.0,1.0,False,8.75,True,1.0,0.974852,0.996634,66.130762,44.0,1.0,False
36,9.0,True,1.0,0.97364,0.99691,72.613878,44.0,1.0,False,9.0,True,1.0,0.97364,0.99691,72.613878,44.0,1.0,False
37,9.25,True,1.0,0.980242,0.997154,54.663255,44.0,1.0,False,9.25,True,1.0,0.980242,0.997154,54.663255,44.0,1.0,False
38,9.5,True,1.0,0.977813,0.996995,58.099206,66.0,1.0,False,9.5,True,1.0,0.977813,0.996995,58.099206,66.0,1.0,False
39,9.75,True,1.0,0.981078,0.997503,46.837933,66.0,1.0,False,9.75,True,1.0,0.981078,0.997503,46.837933,66.0,1.0,False
40,10.0,True,1.0,0.98074,0.997619,50.929218,66.0,1.0,False,10.0,True,1.0,0.98074,0.997619,50.929218,66.0,1.0,False
41,10.25,True,1.0,0.983952,0.997937,38.644142,66.0,1.0,False,10.25,True,1.0,0.983952,0.997937,38.644142,66.0,1.0,False
42,10.5,True,1.0,0.984604,0.999002,36.530337,66.0,1.0,False,10.5,True,1.0,0.984604,0.999002,36.530337,66.0,1.0,False
43,10.75,True,1.0,0.988921,1.000146,23.422464,66.0,1.0,False,10.75,True,1.0,0.988921,1.000146,23.422464,66.0,1.0,False
44,11.0,True,1.0,0.99382,1.002531,23.985853,66.0,1.0,False,11.0,True,1.0,0.99382,1.002531,23.985853,66.0,1.0,False
45,11.25,True,1.0,0.99345,1.001956,24.184736,66.0,1.0,False,11.25,True,1.0,0.99345,1.001956,24.184736,66.0,1.0,False
46,11.5,True,1.0,0.995474,1.004345,26.972627,66.0,1.0,False,11.5,True,1.0,0.995474,1.004345,26.972627,66.0,1.0,False
47,11.75,True,1.0,0.996825,1.002827,17.964801,66.0,1.0,False,11.75,True,1.0,0.996825,1.002827,17.964801,66.0,1.0,False
48,12.0,True,1.0,0.99843,1.007171,27.479935,66.0,1.0,False,12.0,True,1.0,0.99843,1.007171,27.479935,66.0,1.0,False
49,12.25,True,1.0,0.998689,1.007238,25.198589,66.0,1.0,False,12.25,True,1.0,0.998689,1.007238,25.198589,66.0,1.0,False
50,12.5,True,1.0,0.999092,1.004727,22.258641,66.0,1.0,False,12.5,True,1.0,0.999092,1.004727,22.258641,66.0,1.0,False
51,12.75,True,1.0,0.999481,1.007662,26.218954,66.0,1.0,False,12.75,True,1.0,0.999481,1.007662,26.218954,66.0,1.0,False
52,13.0,True,1.0,0.998797,1.006994,25.62004,66.0,1.0,False,13.0,True,1.0,0.998797,1.006994,25.62004,66.0,1.0,False
53,13.25,True,1.0,0.998888,1.008381,25.256234,66.0,1.0,False,13.25,True,1.0,0.998888,1.008381,25.256234,66.0,1.0,False
54,13.5,True,1.0,0.997977,1.004622,19.855028,66.0,1.0,False,13.5,True,1.0,0.997977,1.004622,19.855028,66.0,1.0,False
55,13.75,True,1.0,0.998585,1.010169,30.616772,66.0,1.0,False,13.75,True,1.0,0.998585,1.010169,30.616772,66.0,1.0,False
56,14.0,True,1.0,0.997788,1.006729,24.036435,66.0,1.0,False,14.0,True,1.0,0.997788,1.006729,24.036435,66.0,1.0,False
57,14.25,True,1.0,0.997147,1.005896,23.182889,66.0,1.0,False,14.25,True,1.0,0.997147,1.005896,23.182889,66.0,1.0,False
58,14.5,True,1.0,0.99604,1.001458,19.348935,66.0,1.0,False,14.5,True,1.0,0.99604,1.001458,19.348935,66.0,1.0,False
59,14.75,True,1.0,0.996323,1.001411,18.39938,66.0,1.0,False,14.75,True,1.0,0.996323,1.001411,18.39938,66.0,1.0,False
60,15.0,True,1.0,0.9948,1.001161,20.167954,66.0,1.0,False,15.0,True,1.0,0.9948,1.001161,20.167954,66.0,1.0,False
61,15.25,True,1.0,0.994441,1.000785,24.082896,66.0,1.0,False,15.25,True,1.0,0.994441,1.000785,24.082896,66.0,1.0,False
62,15.5,True,1.0,0.992365,0.999817,26.227598,66.0,1.0,False,15.5,True,1.0,0.992365,0.999817,26.227598,66.0,1.0,False
63,15.75,True,1.0,0.993403,0.999676,24.870147,66.0,1.0,False,15.75,True,1.0,0.993403,0.999676,24.870147,66.0,1.0,False
64,16.0,True,1.0,0.988871,0.998543,33.848738,66.0,1.0,False,16.0,True,1.0,0.988871,0.998543,33.848738,66.0,1.0,False
65,16.25,True,1.0,0.986871,0.998053,35.851076,66.0,1.0,False,16.25,True,1.0,0.986871,0.998053,35.851076,66.0,1.0,False
66,16.5,True,1.0,0.985513,0.997922,38.763235,66.0,1.0,False,16.5,True,1.0,0.985513,0.997922,38.763235,66.0,1.0,False
67,16.75,True,1.0,0.982431,0.997502,47.405266,66.0,1.0,False,16.75,True,1.0,0.982431,0.997502,47.405266,66.0,1.0,False
68,17.0,True,1.0,0.98169,0.997626,45.125098,66.0,1.0,False,17.0,True,1.0,0.98169,0.997626,45.125098,66.0,1.0,False
69,17.25,True,1.0,0.979244,0.997408,49.760258,66.0,1.0,False,17.25,True,1.0,0.979244,0.997408,49.760258,66.0,1.0,False
70,17.5,True,1.0,0.976257,0.9969,60.284884,66.0,1.0,False,17.5,True,1.0,0.976257,0.9969,60.284884,66.0,1.0,False
71,17.75,True,1.0,0.974292,0.99665,65.59837,66.0,1.0,False,17.75,True,1.0,0.974292,0.99665,65.59837,66.0,1.0,False
72,18.0,True,1.0,0.972996,0.996512,68.787638,66.0,1.0,False,18.0,True,1.0,0.972996,0.996512,68.787638,66.0,1.0,False
73,18.25,True,1.0,0.970457,0.996276,73.807214,66.0,1.0,False,18.25,True,1.0,0.970457,0.996276,73.807214,66.0,1.0,False
74,18.5,True,1.0,0.972049,0.996199,75.545949,66.0,1.0,False,18.5,True,1.0,0.972049,0.996199,75.545949,66.0,1.0,False
75,18.75,True,1.0,0.973749,0.996499,71.118067,66.0,1.0,False,18.75,True,1.0,0.973749,0.996499,71.118067,66.0,1.0,False
76,19.0,True,1.0,0.972488,0.996454,75.280409,66.0,1.0,False,19.0,True,1.0,0.972488,0.996454,75.280409,66.0,1.0,False
77,19.25,True,1.0,0.974457,0.996478,70.133687,66.0,1.0,False,19.25,True,1.0,0.974457,0.996478,70.133687,66.0,1.0,False
78,19.5,True,1.0,0.971968,0.996299,75.829633,66.0,1.0,False,19.5,True,1.0,0.971968,0.996299,75.829633,66.0,1.0,False
79,19.75,True,1.0,0.972895,0.996406,74.11084,66.0,1.0,False,19.75,True,1.0,0.972895,0.996406,74.11084,66.0,1.0,False
80,20.0,True,1.0,0.973782,0.996389,72.093483,66.0,1.0,False,20.0,True,1.0,0.973782,0.996389,72.093483,66.0,1.0,False
81,20.25,True,1.0,0.974777,0.996517,69.516367,66.0,1.0,False,20.25,True,1.0,0.974777,0.996517,69.516367,66.0,1.0,False
82,20.5,True,1.0,0.972945,0.996326,73.334149,66.0,1.0,False,20.5,True,1.0,0.972945,0.996326,73.334149,66.0,1.0,False
83,20.75,True,1.0,0.97256,0.996432,71.354343,66.0,1.0,False,20.75,True,1.0,0.97256,0.996432,71.354343,66.0,1.0,False
84,21.0,True,1.0,0.973933,0.996708,71.596975,66.0,1.0,False,21.0,True,1.0,0.973933,0.996708,71.596975,66.0,1.0,False
85,21.25,True,1.0,0.975058,0.996898,66.366858,66.0,1.0,False,21.25,True,1.0,0.975058,0.996898,66.366858,66.0,1.0,False
86,21.5,True,1.0,0.975231,0.996924,65.596029,66.0,1.0,False,21.5,True,1.0,0.975231,0.996924,65.596029,66.0,1.0,False
87,21.75,True,1.0,0.973559,0.996934,70.895276,66.0,1.0,False,21.75,True,1.0,0.973559,0.996934,70.895276,66.0,1.0,False
88,22.0,True,1.0,0.972756,0.996674,74.658858,66.0,1.0,False,22.0,True,1.0,0.972756,0.996674,74.658858,66.0,1.0,False
89,22.25,True,1.0,0.967343,0.996465,85.749299,66.0,1.0,False,22.25,True,1.0,0.967343,0.996465,85.749299,66.0,1.0,False
90,22.5,True,1.0,0.973035,0.996639,71.878551,66.0,1.0,False,22.5,True,1.0,0.973035,0.996639,71.878551,66.0,1.0,False
91,22.75,True,1.0,0.973501,0.996696,70.144965,66.0,1.0,False,22.75,True,1.0,0.973501,0.996696,70.144965,66.0,1.0,False
92,23.0,True,1.0,0.974817,0.996902,66.276069,66.0,1.0,False,23.0,True,1.0,0.974817,0.996902,66.276069,66.0,1.0,False
93,23.25,True,1.0,0.973492,0.997004,71.784514,66.0,1.0,False,23.25,True,1.0,0.973492,0.997004,71.784514,66.0,1.0,False
94,23.5,True,1.0,0.978482,0.997477,49.748203,44.0,1.0,False,23.5,True,1.0,0.978482,0.997477,49.748203,44.0,1.0,False
95,23.75,True,1.0,0.977305,0.997657,58.246527,44.0,1.0,False,23.75,True,1.0,0.977305,0.997657,58.246527,44.0,1.0,False
